{
    "PresetManager": {
        "Presets": {
            "value0": {
                "value0": [
                    {
                        "first": {
                            "value0": {
                                "value0": "3b087da8-d6e4-49d3-b330-11a3d86ad2c8"
                            }
                        },
                        "second": {
                            "Name": "Default",
                            "Values": [
                                {
                                    "index": 12,
                                    "data": {
                                        "Name": "Palette",
                                        "Value": {
                                            "Color Palette": [
                                                {
                                                    "RGB": {
                                                        "x": 0.0,
                                                        "y": 0.6274510025978088,
                                                        "z": 0.6901960968971252
                                                    }
                                                },
                                                {
                                                    "RGB": {
                                                        "x": 0.4156862795352936,
                                                        "y": 0.29019609093666079,
                                                        "z": 0.23137255012989045
                                                    }
                                                },
                                                {
                                                    "RGB": {
                                                        "x": 0.800000011920929,
                                                        "y": 0.20000000298023225,
                                                        "z": 0.24705882370471955
                                                    }
                                                },
                                                {
                                                    "RGB": {
                                                        "x": 0.9215686321258545,
                                                        "y": 0.40784314274787905,
                                                        "z": 0.250980406999588
                                                    }
                                                },
                                                {
                                                    "RGB": {
                                                        "x": 0.9254902005195618,
                                                        "y": 0.7882353067398071,
                                                        "z": 0.3137255012989044
                                                    }
                                                }
                                            ]
                                        },
                                        "Metadata": {
                                            "Is HDR": true
                                        },
                                        "Default Value": {
                                            "Color Palette": [
                                                {
                                                    "RGB": {
                                                        "x": 0.9607843160629273,
                                                        "y": 0.0,
                                                        "z": 0.0
                                                    }
                                                },
                                                {
                                                    "RGB": {
                                                        "x": 0.7058823108673096,
                                                        "y": 0.19031140208244325,
                                                        "z": 0.19031140208244325
                                                    }
                                                },
                                                {
                                                    "RGB": {
                                                        "x": 0.2696078419685364,
                                                        "y": 0.14934159815311433,
                                                        "z": 0.14934159815311433
                                                    }
                                                },
                                                {
                                                    "RGB": {
                                                        "x": 0.037005018442869189,
                                                        "y": 0.058119818568229678,
                                                        "z": 0.7549019455909729
                                                    }
                                                }
                                            ]
                                        },
                                        "Default Metadata": {
                                            "Is HDR": true
                                        }
                                    }
                                }
                            ]
                        }
                    }
                ]
            }
        }
    }
}