{
    "value0": {
        "Color": {
            "sRGB": {
                "x": 0.8943886160850525,
                "y": 0.04017537459731102,
                "z": 0.26552101969718935
            }
        }
    }
}