{
    "value0": {
        "Color": {
            "sRGB": {
                "x": 0.6941738128662109,
                "y": 0.13730917870998383,
                "z": 0.0
            }
        }
    }
}