{
    "value0": {
        "Color": {
            "sRGB": {
                "x": 0.16014103591442109,
                "y": 1.9980703314104177e-8,
                "z": 0.3352205753326416
            }
        }
    }
}