{
    "value0": {
        "Color": {
            "sRGB": {
                "x": 0.7119406461715698,
                "y": 0.12029872834682465,
                "z": 0.227394238114357
            }
        }
    }
}