{
    "value0": {
        "Color": {
            "sRGB": {
                "x": 0.4547078013420105,
                "y": 0.4546753764152527,
                "z": 0.4547208547592163
            }
        }
    }
}