{
    "value0": {
        "Color": {
            "sRGB": {
                "x": 0.8313725590705872,
                "y": 0.5803921818733215,
                "z": 0.08627451211214066
            }
        },
        "Number of main input pins": 0
    }
}