{
    "value0": {
        "Color": {
            "sRGB": {
                "x": 0.06274808943271637,
                "y": 0.6042323112487793,
                "z": 0.3938758969306946
            }
        }
    }
}