{
    "value0": {
        "Color": {
            "sRGB": {
                "x": 0.0,
                "y": 0.487651526927948,
                "z": 0.6550098657608032
            }
        }
    }
}