{
    "value0": {
        "Color": {
            "sRGB": {
                "x": 0.3019607961177826,
                "y": 0.4470588266849518,
                "z": 0.8901960849761963
            }
        },
        "Number of main input pins": 1
    }
}