{
    "value0": {
        "Color": {
            "sRGB": {
                "x": 0.0,
                "y": 0.009687897749245167,
                "z": 0.9339214563369751
            }
        }
    }
}