{
    "value0": {
        "Color": {
            "sRGB": {
                "x": 0.6238900423049927,
                "y": 0.0,
                "z": 0.5673471689224243
            }
        }
    }
}