{
    "value0": {
        "Color": {
            "sRGB": {
                "x": 0.05524909123778343,
                "y": 0.0,
                "z": 0.6238900423049927
            }
        }
    }
}