{"nodes":{"node:1":{"location":{"x":166,"y":48}}},"selection":null,"view":{"scroll":{"x":-111.808502197265625,"y":-117.141288757324219},"zoom":1}}