{
    "Presets": {
        "Underlying container": [
            {
                "first": "9a475354-dc5f-4338-ae75-3367f6ade0ad",
                "second": {
                    "Name": "Default",
                    "Values": [
                        {
                            "index": 15,
                            "data": {
                                "Name": "Color Gradient",
                                "Value": {
                                    "Gradient": [
                                        {
                                            "Mark position": {
                                                "Relative position": 0.0
                                            },
                                            "Mark color": {
                                                "x": 0.015205973759293557,
                                                "y": 0.0,
                                                "z": 0.17696481943130494,
                                                "w": 1.0
                                            }
                                        },
                                        {
                                            "Mark position": {
                                                "Relative position": 0.125
                                            },
                                            "Mark color": {
                                                "x": 0.7774599194526672,
                                                "y": 0.08494079113006592,
                                                "z": 0.56760573387146,
                                                "w": 1.0
                                            }
                                        },
                                        {
                                            "Mark position": {
                                                "Relative position": 0.5
                                            },
                                            "Mark color": {
                                                "x": 0.3768649101257324,
                                                "y": 0.8616769909858704,
                                                "z": 0.8315340280532837,
                                                "w": 1.0
                                            }
                                        },
                                        {
                                            "Mark position": {
                                                "Relative position": 0.75
                                            },
                                            "Mark color": {
                                                "x": 0.8662242293357849,
                                                "y": 0.9594901204109192,
                                                "z": 0.2109500914812088,
                                                "w": 1.0
                                            }
                                        },
                                        {
                                            "Mark position": {
                                                "Relative position": 1.0
                                            },
                                            "Mark color": {
                                                "x": 0.8338949084281921,
                                                "y": 0.4247627258300781,
                                                "z": 1.0,
                                                "w": 1.0
                                            }
                                        }
                                    ],
                                    "Wrap Mode": 1,
                                    "Interpolation Mode": 0
                                },
                                "Metadata": {
                                    "Is HDR": false,
                                    "Randomize new marks' colors": true
                                }
                            }
                        }
                    ]
                }
            },
            {
                "first": "160a7fb6-29b4-46cb-97b7-124b81470e04",
                "second": {
                    "Name": "Deep blue & Pink",
                    "Values": [
                        {
                            "index": 15,
                            "data": {
                                "Name": "Color Gradient",
                                "Value": {
                                    "Gradient": [
                                        {
                                            "Mark position": {
                                                "Relative position": 0.0
                                            },
                                            "Mark color": {
                                                "x": 0.007843137718737126,
                                                "y": 0.007843137718737126,
                                                "z": 0.3019607961177826,
                                                "w": 1.0
                                            }
                                        },
                                        {
                                            "Mark position": {
                                                "Relative position": 0.25
                                            },
                                            "Mark color": {
                                                "x": 0.1270812451839447,
                                                "y": 0.19102135300636292,
                                                "z": 0.5026389956474304,
                                                "w": 1.0
                                            }
                                        },
                                        {
                                            "Mark position": {
                                                "Relative position": 0.5
                                            },
                                            "Mark color": {
                                                "x": 0.5810644626617432,
                                                "y": 0.4687643051147461,
                                                "z": 0.7144173383712769,
                                                "w": 1.0
                                            }
                                        },
                                        {
                                            "Mark position": {
                                                "Relative position": 0.75
                                            },
                                            "Mark color": {
                                                "x": 0.9974504113197327,
                                                "y": 0.680706262588501,
                                                "z": 0.7397171258926392,
                                                "w": 1.0
                                            }
                                        },
                                        {
                                            "Mark position": {
                                                "Relative position": 1.0
                                            },
                                            "Mark color": {
                                                "x": 0.9893808960914612,
                                                "y": 0.8856580853462219,
                                                "z": 0.9111602306365967,
                                                "w": 1.0
                                            }
                                        }
                                    ],