{
    "value0": {
        "Color": {
            "sRGB": {
                "x": 0.42298293113708498,
                "y": 0.06293252855539322,
                "z": 0.4754902124404907
            }
        }
    }
}