{
    "value0": {
        "Color": {
            "sRGB": {
                "x": 0.9998999834060669,
                "y": 0.9999345541000366,
                "z": 1.0
            }
        },
        "Number of main input pins": 1
    }
}