{
 "Categories": {
  "Accent": {
   "B": 0.8901960849761963,
   "G": 0.4470588266849518,
   "R": 0.3019607961177826
  },
  "Background": {
   "B": 0.9098039269447327,
   "G": 0.9137254953384399,
   "R": 0.8941176533699036
  },
  "Bright": {
   "B": 0.7568627595901489,
   "G": 0.7019608020782471,
   "R": 0.6705882549285889
  },
  "Error": {
   "B": 0.36000001430511475,
   "G": 0.25,
   "R": 0.75
  },
  "Medium": {
   "B": 0.8627451062202454,
   "G": 0.8274509906768799,
   "R": 0.8039215803146362
  },
  "Success": {
   "B": 0.3799999952316284,
   "G": 0.6299999952316284,
   "R": 0.10999999940395355
  },
  "Text": {
   "B": 0.0784313753247261,
   "G": 0.07058823853731155,
   "R": 0.062745101749897
  },
  "Warning": {
   "B": 0.09000000357627869,
   "G": 0.5799999833106995,
   "R": 0.8299999833106995
  }
 },
 "Is Dark Mode": false
}