{
    "value0": {
        "Color": {
            "sRGB": {
                "x": 1.0,
                "y": 0.4156862497329712,
                "z": 0.48290419578552248
            }
        }
    }
}