{
    "value0": {
        "Color": {
            "sRGB": {
                "x": 0.37858331203460696,
                "y": 0.3785454332828522,
                "z": 0.3785501718521118
            }
        }
    }
}