{
    "value0": {
        "Color": {
            "sRGB": {
                "x": 0.6986775398254395,
                "y": 0.0,
                "z": 0.5317360162734985
            }
        }
    }
}