{
    "value0": {
        "Color": {
            "sRGB": {
                "x": 0.8666666746139526,
                "y": 0.3176470696926117,
                "z": 0.19607843458652497
            }
        },
        "Number of main input pins": 0
    }
}