{
    "value0": {
        "Color": {
            "sRGB": {
                "x": 0.4156862795352936,
                "y": 0.45490196347236636,
                "z": 0.529411792755127
            }
        }
    }
}