{
    "value0": {
        "Color": {
            "sRGB": {
                "x": 0.08235294371843338,
                "y": 0.5411764979362488,
                "z": 0.4588235318660736
            }
        },
        "Number of main input pins": 0
    }
}