{
    "value0": {
        "Color": {
            "sRGB": {
                "x": 0.1335456818342209,
                "y": 0.5992372035980225,
                "z": 0.9440497756004334
            }
        }
    }
}