{
    "value0": {
        "Color": {
            "sRGB": {
                "x": 0.0,
                "y": 0.38012176752090456,
                "z": 0.07887399196624756
            }
        }
    }
}