{
    "value0": {
        "Color": {
            "sRGB": {
                "x": 0.028340788558125497,
                "y": 0.0,
                "z": 0.7411764860153198
            }
        }
    }
}