{
    "value0": {
        "Color": {
            "sRGB": {
                "x": 0.00009999038593377918,
                "y": 0.00009998999303206801,
                "z": 0.00009999999747378752
            }
        }
    }
}