{
    "value0": {
        "Color": {
            "sRGB": {
                "x": 0.16477179527282716,
                "y": 0.16475531458854676,
                "z": 0.16475969552993775
            }
        }
    }
}