{
    "value0": {
        "Color": {
            "sRGB": {
                "x": 0.8463448286056519,
                "y": 0.0,
                "z": 0.6775558590888977
            }
        }
    }
}