{
    "value0": {
        "Color": {
            "sRGB": {
                "x": 0.3803921043872833,
                "y": 0.0,
                "z": 0.8463448286056519
            }
        }
    }
}