{
    "value0": {
        "Color": {
            "sRGB": {
                "x": 0.6666666865348816,
                "y": 0.14901961386203767,
                "z": 0.6784313917160034
            }
        },
        "Number of main input pins": 2
    }
}