{
    "PresetManager": {
        "Presets": {
            "value0": {
                "value0": [
                    {
                        "first": {
                            "value0": {
                                "value0": "f24956bd-5090-4c13-95a2-8bb08659f69d"
                            }
                        },
                        "second": {
                            "Name": "Default",
                            "Values": [
                                {
                                    "index": 7,
                                    "data": {
                                        "Name": "Color",
                                        "Value": {
                                            "RGB": {
                                                "x": 0.6629660129547119,
                                                "y": 0.5065358877182007,
                                                "z": 0.7598038911819458
                                            }
                                        },
                                        "Metadata": {
                                            "Is HDR": false
                                        },
                                        "Default Value": {
                                            "RGB": {
                                                "x": 0.6629660129547119,
                                                "y": 0.5065358877182007,
                                                "z": 0.7598038911819458
                                            }
                                        },
                                        "Default Metadata": {
                                            "Is HDR": false
                                        }
                                    }
                                },
                                {
                                    "index": 2,
                                    "data": {
                                        "Name": "Brightness",
                                        "Value": 0.3630000054836273,
                                        "Metadata": {
                                            "Min Value": 0.10000000149011612,
                                            "Max Value": 0.5,
                                            "Bounded": true,
                                            "Drag speed": 0.009999999776482582
                                        },
                                        "Default Value": 0.3630000054836273,
                                        "Default Metadata": {
                                            "Min Value": 0.0,
                                            "Max Value": 1.0,
                                            "Bounded": true,
                                            "Drag speed": 0.009999999776482582
                                        }
                                    }
                                },
                                {
                                    "index": 2,
                                    "data": {
                                        "Name": "Mask",
                                        "Value": 1.0,
                                        "Metadata": {
                                            "Min Value": 0.0,
                                            "Max Value": 1.0,
                                            "Bounded": true,
                                            "Drag speed": 0.009999999776482582
                                        },
                                        "Default Value": 1.0,
                                        "Default Metadata": {
                                            "Min Value": 0.0,
                                            "Max Value": 1.0,
                                            "Bounded": true,
                                            "Drag speed": 0.009999999776482582
                                        }
                                    }
                                }
                            ]
                        }
                    }
                ]
            }
        }
    }
}