{
    "value0": {
        "Color": {
            "sRGB": {
                "x": 0.44518935680389407,
                "y": 0.0,
                "z": 0.13458137214183808
            }
        }
    }
}