{
    "value0": {
        "Color": {
            "sRGB": {
                "x": 0.7248799800872803,
                "y": 0.7054420709609985,
                "z": 0.31255611777305605
            }
        }
    }
}