{
    "value0": {
        "Color": {
            "sRGB": {
                "x": 0.11372549086809159,
                "y": 0.6274510025978088,
                "z": 0.3843137323856354
            }
        }
    }
}