{
    "value0": {
        "Color": {
            "sRGB": {
                "x": 0.2640276551246643,
                "y": 0.6596547365188599,
                "z": 0.7954667806625366
            }
        }
    }
}