{
    "value0": {
        "Color": {
            "sRGB": {
                "x": 1.0,
                "y": 0.18126672506332398,
                "z": 0.6826605796813965
            }
        }
    }
}