{
    "value0": {
        "Color": {
            "sRGB": {
                "x": 0.3876146376132965,
                "y": 0.0,
                "z": 0.5036180019378662
            }
        }
    }
}