{
    "value0": {
        "Color": {
            "sRGB": {
                "x": 0.4962759017944336,
                "y": 0.4962886571884155,
                "z": 0.4963255524635315
            }
        },
        "Number of main input pins": 1
    }
}