{
    "value0": {
        "Color": {
            "sRGB": {
                "x": 0.7450980544090271,
                "y": 0.24705882370471955,
                "z": 0.364705890417099
            }
        }
    }
}