{
    "value0": {
        "Color": {
            "sRGB": {
                "x": 0.7079627513885498,
                "y": 0.6567284464836121,
                "z": 0.0
            }
        }
    }
}