{
    "value0": {
        "Color": {
            "sRGB": {
                "x": 0.8152639269828796,
                "y": 0.8153109550476074,
                "z": 0.8153454661369324
            }
        }
    }
}