{
    "value0": {
        "Color": {
            "sRGB": {
                "x": 0.1921568661928177,
                "y": 0.6980392336845398,
                "z": 0.6705882549285889
            }
        }
    }
}