{
    "value0": {
        "Color": {
            "sRGB": {
                "x": 0.0,
                "y": 0.5176584720611572,
                "z": 0.28394001722335818
            }
        }
    }
}