{
    "value0": {
        "Color": {
            "sRGB": {
                "x": 0.0,
                "y": 0.5306271910667419,
                "z": 0.8195234537124634
            }
        }
    }
}