{
    "value0": {
        "Color": {
            "sRGB": {
                "x": 0.1979307234287262,
                "y": 0.6376327872276306,
                "z": 0.0
            }
        }
    }
}