{
    "value0": {
        "Color": {
            "sRGB": {
                "x": 0.33982259035110476,
                "y": 0.33978861570358279,
                "z": 0.33978861570358279
            }
        }
    }
}