{
    "value0": {
        "Color": {
            "sRGB": {
                "x": 0.49803921580314639,
                "y": 0.49803921580314639,
                "z": 0.49803921580314639
            }
        }
    }
}