{
    "value0": {
        "Color": {
            "sRGB": {
                "x": 0.0,
                "y": 0.3983972668647766,
                "z": 0.8519364595413208
            }
        }
    }
}