{
    "value0": {
        "Color": {
            "sRGB": {
                "x": 0.34868982434272768,
                "y": 0.49486374855041506,
                "z": 0.0
            }
        }
    }
}