{
    "Category Config": {
        "Color": {
            "sRGB": {
                "x": 1.0,
                "y": 0.7137255072593689,
                "z": 0.6431372761726379
            }
        }
    }
}