{
    "value0": {
        "Color": {
            "sRGB": {
                "x": 0.8156862854957581,
                "y": 0.8156862854957581,
                "z": 0.8156862854957581
            }
        }
    }
}