{
    "value0": {
        "Color": {
            "sRGB": {
                "x": 0.9999999403953552,
                "y": 0.042747076600790027,
                "z": 0.0056087966077029709
            }
        }
    }
}